Hello,Hello World!
Hello,Hello World!
Hello,Hello World!
Hello,Hello World!
Hello,Hello World!
Hello,Hello World!
Hello,Hello World!
Hello,Hello World!
hello,Hello World!
Hello,Hello World!
hi,I could not tell you.<br><br>You can try this from my friend Google: <a target='_blank' href='https://www.google.com/search?q=hi'>hi</a>
hello,Hello World!
Hello,Hello World!
Hello,Hello World!
what%20are%20your%20bestsellers," OUR SPECIAL MEXICAN BURGER <img src=""/static/download.jpeg"">"
Hello,Hello World!
what%20are%20your%20bestsellers," OUR SPECIAL MEXICAN BURGER <img src=""/static/download.jpg"">"
Hello,Hello World!
what%20are%20your%20specialities,Is there a different way you can ask that?<br><br>You can try this from my friend Google: <a target='_blank' href='https://www.google.com/search?q=what%20are%20your%20specialities'>what are your specialities</a>
what%20are%20your%20bestellers," OUR SPECIAL MEXICAN BURGER<br> <img src=""https://www.google.com/imgres?imgurl=https%3A%2F%2Fthewoodenskillet.com%2Fwp-content%2Fuploads%2F2022%2F05%2Fmexican-street-corn-burger-recipe-1.jpg&tbnid=wKC4qWRutgmrbM&vet=12ahUKEwiQpeTNkqqCAxWD7jgGHYE1AxAQMygJegUIARCJAQ..i&imgrefurl=https%3A%2F%2Fthewoodenskillet.com%2Fmexican-street-corn-burger%2F&docid=g7T9sjacX3cW7M&w=1200&h=1200&q=mexican%20burger&ved=2ahUKEwiQpeTNkqqCAxWD7jgGHYE1AxAQMygJegUIARCJAQ"">"
Hello,Hello World!
what%20are%20bestsellers," OUR SPECIAL MEXICAN BURGER<br> <img src=""/static/burger.jpeg"">"
Hello,Hello World!
hello,Hello World!
what%20are%20your%20bestsellers," OUR SPECIAL MEXICAN BURGER<br> <img src=""/static/burger.jpeg"">"
nit%20goa%20best%20student,I will have to give that some thought.<br><br>You can try this from my friend Google: <a target='_blank' href='https://www.google.com/search?q=nit%20goa%20best%20student'>nit goa best student</a>
Hello,Hello World!
can%20we%20place%20order," yes sure<br><a class=""chatSuggest"" onclick=""$(this).hide(); chatSuggest('Here\'s the menu<br><img src=""/static/menu.jpg"">')"";>Click here to preview the menu</a><br>"
Hello,Hello World!
can%20%20we%20place%20order," yes sure<br><a class=""chatSuggest"" onclick=""$(this).hide(); chatSuggest('Here\'s the menu<br><img src=""/static/menu.jpg"">')""Click here to preview the menu</a><br>"
Hello,Hello World!
can%20we%20place%20order," yes sure<br><a class=""chatSuggest"" onclick=""$(this).hide(); chatSuggest('Here\'s the menu<br><img src=""/static/menu.jpg"">Click here to preview the menu</a><br>"
